eid,ename,eemailid,city
1,Tamara House,carol99@example.com,Whitestad
2,Patricia Stevens,hbradford@example.net,East Veronica
3,Victor Ryan,joseph88@example.com,Gutierrezmouth
4,David Glass,timothyroberts@example.org,East Kristenstad
5,Lori Contreras,msawyer@example.com,North Luisside
6,John Escobar,jennifersutton@example.com,Port Laura
7,Donna Phillips,iwilliams@example.org,Perkinsville
8,Julie Schaefer,gallen@example.com,Estradaburgh
9,Angela Kane,davidwilson@example.net,Robertmouth
10,Teresa Burton,kylecox@example.com,North Andreahaven
11,John Huffman,ramirezjohn@example.org,Lynnberg
12,Jennifer Flores,kristina16@example.com,West Cory
13,Morgan Hernandez,mary12@example.org,Jonesbury
14,Catherine Smith,antonio34@example.net,Lopezmouth
15,Kyle Lee,ggibson@example.org,Trevorton
16,Rachael Martinez,gordonrebecca@example.net,Luketown
17,Darryl Ayala,amy67@example.net,Lake Alexander
18,Jacqueline Bell,devonsheppard@example.org,New Christopher
19,Susan Mitchell,reidrebecca@example.com,Kevinfurt
20,Ryan Brown DVM,jason18@example.org,New Christopherfort
21,Philip Chandler,calvarado@example.com,Port Melissa
22,Dr. Karen Cobb,mandy20@example.net,West Ashley
23,Angel Scott,wlong@example.net,North Seanfurt
24,Ronald Espinoza,gjones@example.com,Davisshire
25,Matthew Nunez,scott52@example.net,Sheltonside
26,Gene Choi,danielle71@example.net,South Williamtown
27,Dalton Norris,charleslewis@example.net,South Brittany
28,Charles Miller,chenjason@example.org,Port Brianstad
29,Ashley Holden,christopher70@example.net,Moorehaven
30,Greg Romero,smithsarah@example.com,Gutierrezmouth
31,Kristina Zhang,vangsharon@example.com,Fordton
32,Jennifer Tanner,princewilliam@example.org,Joseville
33,Angela Phillips,marcus01@example.com,Cassandramouth
34,Kimberly Lewis,amiller@example.net,North Amanda
35,Jason Nelson,zrios@example.com,Charlesfort
36,Mark Davis,zlee@example.net,Danielstad
37,Jared White,steven99@example.com,Boydville
38,Carrie Baker,jesse66@example.net,Richmondburgh
39,Jessica Young,cunninghamsara@example.com,Port Richard
40,Olivia Hernandez,cbray@example.com,Rosston
41,Javier Flynn,amber85@example.net,Mayfurt
42,Michelle Robinson,joselambert@example.com,West Michellefurt
43,Thomas Harris,salazarsarah@example.net,Elizabethside
44,Gregory Martin,lnovak@example.org,Kristenfurt
45,Nancy Daniel,wandadelacruz@example.org,Orozcoberg
46,Daniel Wolfe,johnclark@example.com,Port Sarahmouth
47,Laura Burke,nicholasashley@example.com,Stephensonshire
48,Reginald Harper,hogantonya@example.com,Stephanieland
49,Aaron Dillon,suttontamara@example.net,Joshuaton
50,Holly Schmidt,zachary50@example.net,Aaronhaven
51,Stacey Davis,morganallison@example.com,Huntport
52,Barbara Perez,sjones@example.net,Charlestown
53,Laura Jackson,kimberly11@example.com,Port Brittneytown
54,Robert Miller,josephgreen@example.net,Williamland
55,Connie Evans,quinnsusan@example.com,North Tinaberg
56,Suzanne Hughes,ericwillis@example.org,West Austinbury
57,Lee Moore,vmiller@example.org,Jeffreybury
58,Kathy Huffman,millernancy@example.com,Craigborough
59,Jeffrey Taylor,dana13@example.net,Lindsayfort
60,William Moreno,jwhitaker@example.net,East Ronaldtown
61,Sarah Johnson,murraysean@example.com,Englishtown
62,Christine Mckay,pflores@example.net,Watsonburgh
63,Ashley Jones,lstone@example.com,Robertburgh
64,Sara Brewer,gloriaramsey@example.net,West James
65,Marcus Boone,rhonda74@example.net,Johnstonstad
66,Jane Petersen,megan61@example.org,Pamelatown
67,Samantha Morgan,marydrake@example.net,South Chloe
68,Amy West,martin49@example.org,Allenstad
69,Harry Bright,ariaslauren@example.org,Liview
70,Tristan Dean,nelsonanthony@example.com,Rodriguezburgh
71,Mark Lee,benjamin04@example.net,Ericfurt
72,Robert Diaz,castrocheryl@example.org,East Wendyfurt
73,Eric Wiggins,wkim@example.net,South Wyatt
74,Barbara Johnson,pricebilly@example.com,Rogerbury
75,April Kennedy,jose40@example.com,Benjaminborough
76,Paige Anderson,stephanie81@example.net,Samuelside
77,Russell Miller,rick72@example.net,Lake Tylermouth
78,Matthew Logan,barronnicole@example.org,West Brent
79,Alex Anderson,nbaker@example.org,Johnland
80,John Thompson,amy54@example.org,East Tonya
81,David Francis,craiggamble@example.org,Ryanville
82,Mark Patton,boydadrienne@example.org,Lukeshire
83,Angela Stewart,owilliams@example.org,Gregoryberg
84,Daniel Hines,sandrahobbs@example.org,Williamsside
85,Monica Drake,brandiwilliams@example.org,New Anthony
86,Heather Reid,kramerdavid@example.org,Brownhaven
87,Nicholas Evans,savagemegan@example.com,Christinebury
88,Lisa Nguyen,pmartinez@example.org,Aliceshire
89,Deanna Mills,carrillobethany@example.org,North Lauraport
90,Mrs. Debra Pierce,evansbrianna@example.net,Lake Tyler
91,Jennifer Santiago,cmcmahon@example.org,Lake Kaitlin
92,Cristina Valencia,tammy04@example.org,North Brianfurt
93,Kirsten Willis,wpeters@example.net,New Melissa
94,Sarah Ruiz,crawfordpaul@example.net,Dannyhaven
95,Natalie Pena,nathannelson@example.com,Leahhaven
96,Jill Tapia,fchen@example.org,South Vernon
97,Alexis Smith,timothysmith@example.net,Millerburgh
98,Terry Cohen,gabriellemartinez@example.com,Meghanside
99,Christopher Berger,heather86@example.org,West Lorrainefurt
100,Wendy Turner,clarkchristopher@example.net,West Jeffrey
